username,email,password
hutting0,iwasiel0@mail.ru,ecvkORL
gfishburn1,bemanson1@epa.gov,RiypBSivUdHu
lkleinhausen2,bdench2@liveinternet.ru,eqM2NKyO8d
rvarley3,psheard3@sina.com.cn,fJPt4gOH0C
dblancowe4,wmcillrick4@topsy.com,mw2tzQl4U
gmcrorie5,mdaines5@blogspot.com,ckgNN5gVqDJ
pplott6,aransfield6@goo.ne.jp,yIfLHHRYWLj
tmcgaughie7,lkalderon7@tiny.cc,hqCYoo
lmaliffe8,agynn8@google.com.hk,bHI4uAnUqpm
ttreby9,tduggleby9@dot.gov,GmoB6z
ncreggana,dibbetsona@arizona.edu,XXJIRK7IfFW
ppratchettb,dmcneeb@usgs.gov,MZ68i6Pl
eganterc,lromaynesc@google.es,ftkAj32qF
vdobrovolnyd,shoyted@soundcloud.com,pkX2NJ
cdickersone,fkune@edublogs.org,31Cq22YB
rbelsherf,cgoodacref@yellowbook.com,BKYngs
zspaing,omyattg@mozilla.com,lExTbYbr
nmarchbankh,rgoodredgeh@yellowbook.com,nlQJAAc
rkevisi,mtakosi@hostgator.com,LlCGJpBE
mmerrganj,kguesfordj@pen.io,NaaAE6
dmikalskik,knuthk@ucsd.edu,Y1Um06PcHXC
lmcbrydel,rperrellel@microsoft.com,wk1dH29
collarenshawm,erydingsm@google.ca,oJxxQp
smatushenkon,nfolkesn@engadget.com,93kSNhSvqW7e
dronaldo,vspeedingo@lulu.com,OAv8jT
cboakep,mperrotp@google.com.hk,IJgQScq
fmangamq,mohernq@sun.com,N7XROg
kelcoater,whiddsleyr@icq.com,ayHz7bmrzSuV
gaxtonnes,lrullers@nydailynews.com,6v3cYNf60DD
koaket,kteresit@alexa.com,VoMh5rdfb
phollingsheadu,jredrupu@fema.gov,kF0sYZ
clipmanv,abirrellv@github.io,SL9fId
asquirrelw,mfugglesw@craigslist.org,PSx1RWrV
npettiforx,rskipponx@taobao.com,ZGOgAN9
bpalingy,mglenwrighty@w3.org,QC9akUpRv
jconcklinz,dbagwellz@stanford.edu,CyO6GBS
ajessard10,omelwall10@purevolume.com,ofkHzMtGTq
mdeegin11,kkonmann11@unicef.org,tZvAd6j
gmarlin12,mtollett12@mit.edu,AwefXg9
hcarmo13,dpiers13@biblegateway.com,rvzBVlc
jmadelin14,nbarwise14@smugmug.com,pZOQvlrhkZ
astrass15,sorgee15@dailymail.co.uk,eBAF8697KX
msawers16,oravillas16@blogspot.com,cVCQ79SUIPOW
tdovermann17,garblaster17@shareasale.com,8NOf7q
srylett18,cgillespey18@mayoclinic.com,Pe6iIFSS4wEd
mroddam19,apidler19@mac.com,w5ztAVrUE6
pteresi1a,dhedylstone1a@amazon.com,mPQp6Hszh9
ckellert1b,bburgan1b@forbes.com,gcOn2b0j7
lthomasen1c,pepperson1c@ted.com,OB4NyqYP80
caldred1d,ctoffel1d@technorati.com,vfbKVi
tosmund1e,arikel1e@amazonaws.com,AHlgxJ9
auzielli1f,gzanetto1f@webeden.co.uk,nog1bo9mQMS
lveighey1g,sgammage1g@pcworld.com,Jy7aGU20XTQ
krappport1h,cscroyton1h@mozilla.org,RPjijn
gcalvert1i,mchaize1i@earthlink.net,l4Ug7iFJnTR5
pgermann1j,plindley1j@sourceforge.net,xROgihS
tturl1k,eabramchik1k@tinyurl.com,JCGNI1ln
fcutsforth1l,okenset1l@amazon.de,rvnDB7Af
gruckert1m,cassad1m@google.it,3JAXQerRH00
eclarkson1n,asutherley1n@mapy.cz,6vG0CQbNwA
goliveto1o,lkingswold1o@about.com,L1pURY
lbrinsden1p,myewdall1p@istockphoto.com,qb08P0RFC
eadamek1q,gstradling1q@cargocollective.com,luuQHvn
tconers1r,mjest1r@bravesites.com,8i9g6CvbC
ltesdale1s,cclaire1s@wikispaces.com,GOAsDEj2S2Jo
twhitehorne1t,wtineman1t@google.com.au,fVVE0NI6t0
sferronet1u,lclilverd1u@weebly.com,3mquuEjtEv
kcockrem1v,nspawell1v@people.com.cn,czTQ02PrYE
ewittey1w,mlucia1w@deviantart.com,VqQr4bvbn
ipettengell1x,epretswell1x@last.fm,ErlV73A
ewysome1y,tstreat1y@acquirethisname.com,RUDSCeYxLpXO
nobal1z,pohearn1z@washingtonpost.com,Ew1cEI
blundbeck20,abalch20@foxnews.com,3hI5pdpE
rsimacek21,jgillebride21@cafepress.com,oNBkfKhE
lfosserd22,rinstock22@etsy.com,i3saSjzH
speacher23,dperacco23@yale.edu,YJexMQV1TDVK
kmcgrath24,csymcoxe24@skype.com,Q7EYyf0fd
omeiklam25,rgilliam25@plala.or.jp,0N76Hl
ttabary26,mmummery26@surveymonkey.com,LUzVBr2Yd
fwison27,selder27@tinyurl.com,iXxPOcXJoW6
bfredi28,ctocher28@ox.ac.uk,hQBgLH
lcargenven29,dstabler29@mail.ru,rErFPBkaGqg
sluckett2a,gbennough2a@list-manage.com,smnDT8sE9x7
mdimitriades2b,bomonahan2b@google.ca,nHWToeQv
pdeville2c,ppeto2c@nasa.gov,YPXF7p
kkneebone2d,kroach2d@senate.gov,Lqz0n7EtC
nnapier2e,cwarmisham2e@wordpress.com,thLa2OvOdyS0
mecclestone2f,tbrocks2f@issuu.com,1dFgx5CU
gmeece2g,cogorman2g@sina.com.cn,jxdj8Ou8
okun2h,zstambridge2h@reuters.com,WXUKgiX4z0
vkohrs2i,flievesley2i@ihg.com,Cb1u3kL7pn
conge2j,cballoch2j@ycombinator.com,nxmX2Gzji4
rderrett2k,dbemlott2k@ucla.edu,5a9HMTYkNte
ngobell2l,edorey2l@mayoclinic.com,gIV2uB
nsmallpeice2m,mitzkov2m@1und1.de,iJns6d2tT
xcornelius2n,woury2n@gizmodo.com,Wm3aFIG919Ti
dcaffery2o,dlinzey2o@webeden.co.uk,JK61qsbKRun
cheistermann2p,saspey2p@usa.gov,nWx42pgggcm
ltrenam2q,mmunslow2q@ibm.com,DfpX09iXs
slipman2r,jpoznan2r@slate.com,AKnS3u
uoffa2s,mstivers2s@homestead.com,ee77v7YgIudH
tcurlis2t,braye2t@va.gov,OLRyajmL
dfruish2u,mfullerton2u@eventbrite.com,hvynSGxSDeLU
kdomeny2v,rgalia2v@paypal.com,SUfNYO
dpolding2w,rcroad2w@addtoany.com,pKT7utKd9
bneiland2x,gbeeching2x@smh.com.au,cpry8z59lF
rwasbey2y,ghambright2y@mtv.com,kAsDkqlaTJ6
aranby2z,nbeaves2z@hubpages.com,xR1KJy
mstitt30,swhitley30@bbc.co.uk,xh9FMvN
lquig31,rgusney31@yolasite.com,V1OFYY3LYyYS
dteligin32,wwithey32@angelfire.com,n9cz6CI
acoade33,cheberden33@senate.gov,lBDSVuoOTCp2
ltwomey34,jchatain34@rediff.com,NluSmOL
spetworth35,dporteous35@bloglines.com,ZJZdaph2H
rnickoll36,wmcgarva36@smh.com.au,lSdvIaOeuPT1
utummons37,vpinnion37@wisc.edu,3UVSuQAQ
dstatefield38,dmulder38@lulu.com,Om8DfvmAXdu
spantin39,stzarkov39@i2i.jp,qHS0Byjf8Zv
ptoffano3a,bgrene3a@reddit.com,98Gm0MpP
mthundercliffe3b,afreckelton3b@zimbio.com,pI4MYTEU0F
wohannen3c,dpettko3c@prnewswire.com,7YhsNcy3LCLU
gperotti3d,sstoffler3d@npr.org,CpE5mk1
vkernes3e,eprestige3e@php.net,fFonMurUaH8
aberridge3f,sloweth3f@latimes.com,2ZtIqL
mbennell3g,kcalverley3g@blogtalkradio.com,u40BLk
gghion3h,bsisley3h@springer.com,ULlUNUFHS8
asouza3i,gcleevely3i@goodreads.com,aem5Ekl
lrives3j,mmartinek3j@pinterest.com,7vBJDBKtEl2
tbettley3k,gkoopman3k@mayoclinic.com,B7U47N
amuckle3l,mgelardi3l@dell.com,FManGXiAmnC
vpascoe3m,ecowan3m@biblegateway.com,z2T7eUnZbV
sborthwick3n,acuseick3n@google.ru,1fN0Ov9
nclewes3o,lworman3o@loc.gov,mSGtef
jwiddicombe3p,rollis3p@github.io,vTBT5ZH
tcoytes3q,npeye3q@gmpg.org,HfwlZuPS
rstennett3r,jarchdeckne3r@phpbb.com,3CRppFHyl
rderrico3s,wrichel3s@myspace.com,IHSRINxPZ
cosirin3t,bsarsons3t@trellian.com,ZsV5DF40K7
zcrannis3u,atzarkov3u@barnesandnoble.com,lQ2gBm9
derricker3v,aroyall3v@blog.com,tQKYNC9aPzV
pughetti3w,hwrist3w@google.ru,EoADTnfUg
gpothergill3x,vjales3x@youtu.be,tSitnK
ddillon3y,dgillanders3y@nymag.com,KKwvbjIizmH
bunderdown3z,dcypler3z@si.edu,5TBxtrR
fcrookston40,rrodolico40@prlog.org,351axO
ogayther41,eoldmeadow41@walmart.com,EtKEMNAmCc
gpaunsford42,ajoplin42@reference.com,OTZ9TW4
mphare43,bjobin43@storify.com,1r18YOg
flambdon44,kfiggs44@bing.com,pzvfB5cM6
nhatwells45,dmanvell45@oakley.com,BJ7t26
bmold46,ahanbidge46@yolasite.com,zlbqlJUzeEDe
bwyd47,chardway47@irs.gov,OOmI72
amannock48,swarriner48@ezinearticles.com,Wa1OqkawA1Xn
ebillany49,tberzen49@jugem.jp,b7j8Oq1In
jturk4a,mblas4a@washington.edu,VpqjgSAdk
akornyshev4b,fleedes4b@auda.org.au,7ZKm6Clda
sleftridge4c,gcranidge4c@earthlink.net,kYtAkYpjGtu
lmccrie4d,enoe4d@google.cn,mQLF9qRRpI3y
jkrinks4e,jsword4e@ted.com,rA4my3
gmatijasevic4f,hmileham4f@chicagotribune.com,LNLVvm88xj9
mglozman4g,swelburn4g@vinaora.com,aypbk5RRtz8
skohring4h,coflaherty4h@answers.com,WoBWZm
bmellody4i,mleclercq4i@narod.ru,4BEeFU
herbain4j,mdrife4j@cbslocal.com,r3TAi8A9rdn1
bmccane4k,vlaetham4k@rambler.ru,0h5kUFQ1Pn
ftefft4l,rfyrth4l@washington.edu,39j4su
cvickery4m,cscrace4m@istockphoto.com,zR0RL1
vbush4n,ashemmin4n@netscape.com,Qz1z80LwHGr
zhandlin4o,atrattles4o@comsenz.com,onmBxfuDjG
gferrotti4p,mbuffin4p@1und1.de,2JVl0mZ
lformby4q,agobeau4q@spotify.com,WOLFQF26c
jdaine4r,jislep4r@ted.com,PcrkpzEAZje
mharkness4s,mserver4s@thetimes.co.uk,uuju3ld2sNRm
cdonoher4t,houslem4t@umich.edu,RTO08I7
aoglevie4u,mdsouza4u@nasa.gov,LzcIBkghP
pfewlass4v,cbrosoli4v@yale.edu,C6htCoRv
mbrusle4w,jlovewell4w@symantec.com,Ke1nrbfBxJC
edignon4x,nlemmens4x@list-manage.com,0Qssdk
zgalletley4y,nglackin4y@myspace.com,o6P7SBhtWt3
aspurden4z,hesel4z@oakley.com,iRyE1J2hc
hferrelli50,alanning50@networkadvertising.org,rskJu9Kc
lclaye51,afrostdyke51@studiopress.com,pI3VkXF7TA6P
apoone52,amugg52@wisc.edu,jHBZGW0y
rclemonts53,rborg53@bandcamp.com,3GNwXN
mdodgshon54,ahumble54@vinaora.com,5Micjq
ashoebrook55,asreenan55@naver.com,b4JEeo3pGBud
mjesteco56,jgerrit56@merriam-webster.com,ezyG8psNvQeB
vreisin57,kpesak57@slate.com,XEhL7o
jchristaeas58,churich58@archive.org,0wVapTrK
cgrimbleby59,dbowlesworth59@sciencedirect.com,3GpcpOhyw
smoorcroft5a,sknivett5a@jigsy.com,UJu5B3
fzottoli5b,emccurtin5b@squidoo.com,tP4GXaog7gp
jdaverin5c,vvonasek5c@ox.ac.uk,w1Uqb8hovfr
bruvel5d,ekryzhov5d@lulu.com,AwtDTR
aarminger5e,rvoss5e@webmd.com,GtE6lkqyg
caked5f,pgadeaux5f@hatena.ne.jp,gAr93Nimj
cdebruijn5g,ulilie5g@unc.edu,oKWK6h7SQ
jhuckfield5h,bgerold5h@gravatar.com,7iYDzqgs1
fhaucke5i,elownsbrough5i@chron.com,JuKGA6aE7reJ
edoumic5j,smatyja5j@cocolog-nifty.com,ccoPvg8sxQV
tjendrich5k,mgawn5k@hp.com,VvLXsuJh
cbottrill5l,hcullin5l@geocities.com,sAivTGi7cV
brugg5m,hflockhart5m@google.it,sgvGExk
hbolesma5n,cgauthorpp5n@ocn.ne.jp,cstn6SpLEJ0m
galdersea5o,tianniello5o@tamu.edu,vpR1qOTV5
pbolesworth5p,lratledge5p@prlog.org,ZZHb2c
lpitkeathly5q,tmccritichie5q@xing.com,Lg7a31
qopfer5r,jcrampsey5r@accuweather.com,YE1HHb7riT
aashlee5s,mjayes5s@hostgator.com,FomWMc
kmeiningen5t,bbraunle5t@nba.com,mA1CZez
stomet5u,sbinestead5u@storify.com,k6S8R7
astolberger5v,mshellibeer5v@cdc.gov,mtFtcVw
ljanowicz5w,urival5w@smh.com.au,s81udmF9H
gmanville5x,ahoy5x@pagesperso-orange.fr,m5w7XQ0
tjuggings5y,ncannam5y@angelfire.com,yodxZkZp
jhatwells5z,efanshawe5z@people.com.cn,B6KnNe2IRbIv
tcircuit60,acolvine60@wikimedia.org,kZw09lT5q
bhansford61,celliston61@shareasale.com,1M1Wf5
scashen62,sfuzzard62@google.it,i56Rpf
jsandiland63,amangenot63@zdnet.com,DaUWv7
ntindle64,kgowthrop64@icq.com,qYOgJz3wR
jfawbert65,iflorey65@patch.com,EHK0xeb94aa
ggrutchfield66,jdoogan66@bandcamp.com,We9uanuDjWp
khalliday67,fsimmonett67@ask.com,Fi6KNy3LakZ
thardey68,rpimer68@arstechnica.com,Xo99hNRbRB
gmalyan69,imenaul69@google.it,dzzue87c5Ey
cballing6a,agoldbourn6a@mtv.com,RCbjWfu
atoe6b,landerbrugge6b@slashdot.org,3srNWNLHv
smacmenamie6c,gvail6c@shutterfly.com,k4qAph
malyoshin6d,dluxton6d@yahoo.com,prTaPlPD
tbynold6e,hcanby6e@timesonline.co.uk,9DwFcACjYS
nnisius6f,mrighy6f@cloudflare.com,eHHAgVCRYIKn
kshrigley6g,plumbly6g@squarespace.com,ZmG2CBmzW
tberrie6h,cridd6h@vimeo.com,aiLeiKWoK0
cjanus6i,dshallow6i@blog.com,RslIQEDq
fmontacute6j,dsmoth6j@example.com,tIzXLBCZ3
anand6k,cstanbrooke6k@is.gd,WWzsfF
sblabber6l,csilson6l@usda.gov,0xwpAJkFeT
scowdry6m,gchaffe6m@geocities.com,JnVslOScbfeV
kgilphillan6n,slycett6n@vkontakte.ru,njr70iCtO
zkeerl6o,bmenure6o@de.vu,vYTgzs4O
aswithenby6p,ccockerton6p@seattletimes.com,GH2PbF
cparradine6q,rgorthy6q@ucoz.com,wgeeH5BagLS
mbaughn6r,amiddell6r@delicious.com,dR5hpzwr
lgirdwood6s,aclarey6s@walmart.com,lVweBw8tp
sclendening6t,mconey6t@msu.edu,ViEe70wWN
dboc6u,krichly6u@mysql.com,KIzCy3cm
njanton6v,zgiovani6v@tinyurl.com,v9WyVMGr
qshird6w,lchambers6w@smugmug.com,FZPd2lr5PLv0
dbarg6x,qstrutley6x@mac.com,CV3MOjQ
jdodgshun6y,shandes6y@engadget.com,1y3fjozUhxHi
aoduggan6z,aaburrow6z@constantcontact.com,Wjv6OrbmD
arowler70,dbaison70@sina.com.cn,GuLGjp8E
lmarousek71,adearnaley71@is.gd,Ue6K0O
mboddington72,bmariel72@godaddy.com,ckD2aPmWv
lnutley73,lpowrie73@networksolutions.com,rJ1RwNs0hPr
dduffell74,tbaversor74@unblog.fr,sBRry9LNvEc
sterrett75,bcantera75@cafepress.com,w1JWMemBo8
bbedrosian76,aperryn76@ow.ly,LCBbK8K79Gog
susborn77,jguerreau77@bloglovin.com,5FIEn0vg0e
wtysack78,hgorsse78@fotki.com,ak5qbSjwXQ6
ereyne79,mpettegre79@statcounter.com,xGUyOEBBwg
mnell7a,bkellegher7a@yandex.ru,XfvvsAFWNIG3
dollerhad7b,cklemz7b@rediff.com,90QcL13ckwa
mhollebon7c,estuke7c@studiopress.com,0wfyqp
opage7d,mwittke7d@4shared.com,NMfRNCEupR
chidderley7e,clowder7e@rambler.ru,GOCJI6eb
sstoneham7f,afobidge7f@addthis.com,SxwzzynF
bmainz7g,kbinestead7g@usda.gov,tR4kvCz
idalglish7h,kcord7h@mail.ru,Qe0AK5Cgjt
vliggett7i,ldorken7i@jalbum.net,B4plPio0YA
lashingden7j,psummerfield7j@utexas.edu,699YcQQ
aseiter7k,laiken7k@hubpages.com,bQHpAMC
cwheway7l,iliebmann7l@hp.com,jR7AbqI
adougan7m,dnortheast7m@baidu.com,mXn0iVd44CRn
eetock7n,mcutsforth7n@exblog.jp,WZThLd1KB5kZ
ghearley7o,cmorgans7o@spiegel.de,pkD78Zot
csummerton7p,cplaice7p@t-online.de,KC7341VUF6
mkynge7q,kcrepel7q@yelp.com,xULcIKHmD6G
mmckendry7r,csandells7r@technorati.com,iZyyub53jl
klowbridge7s,hscrafton7s@unc.edu,WmINyq8
vsmallwood7t,rdifilippo7t@weebly.com,lLixFHJAq
godowgaine7u,rraftery7u@nymag.com,3ykmEpDzZXC2
nkupka7v,fgerbi7v@seattletimes.com,uKQRrB
dkells7w,scardwell7w@hexun.com,O1ss7J
mphebey7x,gisenor7x@engadget.com,26ngpDQE
bpennycuick7y,srenney7y@nymag.com,sYIuZ2eVRiff
idawks7z,jdudbridge7z@geocities.com,U2PGGndL
parchibould80,kcornely80@google.com.br,9sAfHrV
rpunyer81,plambart81@google.co.jp,DBird2B
ekilborn82,jbarwell82@independent.co.uk,UUZJ8Y
acorrado83,jwards83@jimdo.com,LO3g2obtVD
ymcminn84,nrobottom84@ow.ly,AfTCeZK5sW1
mbarock85,rind85@ftc.gov,nJWCA8OwltWJ
fpittock86,pmcneachtain86@ted.com,sBQ0sex
jtune87,gcattanach87@example.com,nvXj71Y
sdabernott88,ccoyish88@smh.com.au,klPrXB
whasnney89,dtoppes89@nationalgeographic.com,4zhCKzF
nferens8a,tmangin8a@psu.edu,JuozLdoB4
lrobken8b,rdawks8b@constantcontact.com,7pRnoLLw
oarondel8c,dfatkin8c@mapquest.com,DGSJytb2XR5
cpashe8d,llount8d@tumblr.com,wwajMO
aletteresse8e,alittlejohns8e@sciencedirect.com,BFhXTwKuvCXb
mrutt8f,sburton8f@usda.gov,2lZVPBXj
cbalassi8g,bbyas8g@wsj.com,xvoG78xu
aklees8h,bbordis8h@soup.io,VwuU9Jza
kdurbyn8i,mdocker8i@aol.com,0bs6H5x
tlandor8j,rallinson8j@tinypic.com,GwcBYz9p
tbear8k,nrown8k@sohu.com,j9mOM2a9d6uI
ndickerline8l,gbradbrook8l@networkadvertising.org,4W3MGyUW9
ccassidy8m,hrobelet8m@usgs.gov,5rD4z2O
vleather8n,nmccafferky8n@vk.com,c3sad8g4K
jkollaschek8o,khuddy8o@narod.ru,eY4n1KwX
tnoye8p,mseven8p@squarespace.com,V0Qs4EeT
eassard8q,smcguffie8q@gmpg.org,3XZiuGz8UkZy
rzavattero8r,mgover8r@craigslist.org,jin4cz3UBgGw
tleedal8s,aizaac8s@wikipedia.org,luj5Hsfdkqf5
hbridgwood8t,nanning8t@acquirethisname.com,Oz3xDMV3GT
nelson8u,tcottage8u@sbwire.com,c22GG4Jenn3A
jshepperd8v,gcribbin8v@4shared.com,jO4AfOT10
irugg8w,xpellitt8w@about.me,jjeJgNu
cstoggles8x,mmcshirrie8x@studiopress.com,Jfpq30Qq4
keles8y,crawstron8y@slideshare.net,N1okKUS
hlangman8z,mbeardsley8z@prnewswire.com,Mi1Yqfe1p0tq
jcawcutt90,vgibby90@nature.com,wtpG9UO
jjeffreys91,drisson91@homestead.com,rtoLMZh6w
ecrosser92,mizkoveski92@hostgator.com,CrxkOUA4
sglyne93,egiroldi93@google.nl,yfcLNv
moates94,smercy94@disqus.com,EuZj1DUHTcqg
tfitzgeorge95,tdarton95@pagesperso-orange.fr,U9QEckybF
bbickerdyke96,wfakeley96@quantcast.com,EdxJ3PN6AIe
pstare97,cgullick97@eepurl.com,TjznIN
lcaven98,wtiuit98@goo.ne.jp,bwOYV5zjij
ndurrett99,tfransson99@gov.uk,rkW1GIIc
bkeppy9a,erodder9a@tumblr.com,7DHdZFcOv
mjanisson9b,sbliven9b@jimdo.com,Y65t6R
bhallowell9c,itabrett9c@nba.com,1rbreoQO4
aminett9d,jbrockherst9d@ycombinator.com,akor5DTSKWkv
wcrisall9e,asextie9e@themeforest.net,R4JmBlJEF
sbassick9f,rbrou9f@friendfeed.com,hwyql5K
rrennox9g,bdelieu9g@twitpic.com,kgaGofcanJc
rtythacott9h,lwolseley9h@census.gov,NC6akP5Zd
jcrichmere9i,lharte9i@scribd.com,ICLeSqP
bcosgrive9j,hhalley9j@deviantart.com,Nael6rTI
orowaszkiewicz9k,jbrett9k@nymag.com,Nfr3KOW9UsWx
aludgate9l,zsharland9l@netscape.com,qjXkuY8P
espiaggia9m,cverillo9m@wikipedia.org,ymeWhC1
cbettanay9n,sclaussen9n@army.mil,yPnTUq0m
gvasilenko9o,treuss9o@sbwire.com,RAuXcb
jmatousek9p,lhawtrey9p@purevolume.com,Q49cAgV
rforson9q,ptanfield9q@state.tx.us,PZk9Q62ui
gdeverall9r,lgillbanks9r@noaa.gov,7tt8po
maxton9s,agouldstone9s@baidu.com,nnEeZJ9
mribeiro9t,atuxell9t@ask.com,b6mg9CB0L2a
ksasser9u,mprimett9u@europa.eu,Yrllf1K
nondrus9v,aaronowicz9v@msn.com,JiF8lY
stombling9w,sgorse9w@techcrunch.com,snQ6fhk
jcrossthwaite9x,flarrett9x@weather.com,pt9FDF8a
rbiddlestone9y,rsporner9y@about.me,m4eBnp5
dallred9z,oseifenmacher9z@storify.com,5mrWY3L1bAor
cmurrisona0,srivarda0@thetimes.co.uk,Ufwe2MLasDx
ccrosona1,kalpea1@alibaba.com,HNTExh3chT
fsutherela2,mcowlesa2@harvard.edu,zmmWUmduEzaD
wpenyltona3,kheyfielda3@hubpages.com,vXanDUUlfzWP
mjiroudeka4,bmayesa4@privacy.gov.au,UsjNH7
rmanskea5,mgaylea5@ted.com,E3AOMzfx
jcawsa6,bkendalla6@shop-pro.jp,TTUim9BEdkx
wwhaymana7,locannana7@edublogs.org,kkn2oaRNbS
emcgowana8,lcaldera8@netvibes.com,1qM3grFU
msmerdona9,ttellinga9@netvibes.com,KXyQR3
cvautreaa,evakhrushevaa@blogspot.com,4lhom6tOZkaj
mvizardab,chiornab@myspace.com,Sljkempx
dbeamontac,nceccoliac@weibo.com,XZBPaJVay
dstonebanksad,vcombesad@icq.com,kQ3yeV
dchiezeae,ostareae@canalblog.com,B3ERBu
astaitaf,lmeakaf@soundcloud.com,rwuWTT8NL0Z2
cduboisag,kdellabbateag@latimes.com,LXzCsFXJS
dgoodaah,wduckerah@infoseek.co.jp,XWTSse4RL
credingai,ifaulknerai@elegantthemes.com,ZRlCwD
fdefrainaj,morourkeaj@cnn.com,Ex7WyX
emuzzilloak,cmartschkeak@miibeian.gov.cn,DlhgVjon1wca
vdraperal,fmcgarahanal@businessinsider.com,lzItY0e2ZES4
tmaesam,bshoweram@mac.com,WIDrhoN
smcquaidean,bredmilean@bizjournals.com,U3t7X05Vh
leddisao,ttubblesao@hugedomains.com,LLK1cxP7xyo
kcoatsworthap,jhawseap@cocolog-nifty.com,DVPtBCZj1I
fwillsonaq,amabbuttaq@1und1.de,vXpw6xv6a
nseyar,dferriear@umich.edu,8eHTINCg
kklugas,acrutchas@de.vu,EHyXPdWjBRx
jhurdidgeat,mmcgillat@goo.ne.jp,ZVsf28SF4c
bgarcesau,mdikeau@apache.org,PRBjGW5cVXNK
kbrunningav,adalwoodav@cnn.com,7gBqdQS0pWA4
ntinsleyaw,ctriggaw@ox.ac.uk,myjcR5Vjhzq
jcussax,lcharetteax@weibo.com,DfBQR5Tev
bswarbriggay,mschriray@google.com.hk,YfnLO5L
bsulleraz,bbibbyaz@bandcamp.com,dTzUCU8QrWV
vmabenb0,akellyb0@apache.org,073uipg2ljs
gdallowayb1,wkirkeb1@fotki.com,MMoPkdcu
cjenicekb2,jmanuelib2@hc360.com,4QnFWITn
ablindeb3,baslottb3@nationalgeographic.com,Eh4RMNbMhd2
mlorinczb4,rgiffb4@soundcloud.com,2jCw3y5NaDp
tdonlonb5,hkhalidb5@blogtalkradio.com,yuuAyF7bBmc
hdimbylowb6,rcheverellb6@theguardian.com,3WcTTI7T
scawsbyb7,ldroghanb7@baidu.com,PbpAD9C8c2Z
neichmannb8,fdowersb8@alibaba.com,HPcuNOZlKCLL
nheadingb9,sthiemb9@cbsnews.com,mEhj57wYYZ
apetruschba,rtreharneba@cdbaby.com,sDThSFfr7
cedysonbb,sgomesbb@howstuffworks.com,O87OTrezGb
cferedaybc,lliggettbc@thetimes.co.uk,zUJVa86v
vkillingsworthbd,cchandersbd@techcrunch.com,ksBEwIdja
kblakestonbe,pduffanbe@china.com.cn,vw3tvg
iofihilybf,rlerigobf@tmall.com,KwmKDS
cwildmanbg,caldousbg@shareasale.com,PbwCNus
dmarshfieldbh,jnijssenbh@nba.com,cIVzuj
colenanebi,abompassbi@independent.co.uk,LlPBsl2K
ccoxwellbj,ahoylebj@eepurl.com,zxIS0FLa
fgreenstockbk,ebyrdbk@blog.com,dabseKQeI2
mscrauniagebl,ethorbonbl@prweb.com,ErgX8z0
lgaiterbm,mandragbm@irs.gov,wNmq8DRj
apookbn,ssarlebn@ezinearticles.com,Wu0lVLfJGI
mpostancebo,hgarmansonbo@domainmarket.com,eJjSY3c
pjennobp,aayrtonbp@geocities.com,eLGMhAVsMCPC
nvanichkovbq,ejeffelsbq@newsvine.com,GPqlmf5vV
sfolinibr,ecloneybr@vinaora.com,avi6jJW
faggettbs,ecristofvaobs@biglobe.ne.jp,9dDTN6sD81
smewhirterbt,flittledykebt@edublogs.org,sN9YqBZGrj
gmerdewbu,cscurreybu@example.com,mt4M5BVmt
acoundleybv,wspataribv@i2i.jp,NuRqwvQi
qklauerbw,dbalogbw@skype.com,VF4S1ra
twomersleybx,sdesesquellebx@devhub.com,7OVcpL1tqC
gkidnerby,llowndsboroughby@ow.ly,D8Rmx0l
nleederbz,jchattockbz@whitehouse.gov,WTpHDbe
mbarlingc0,fjannyc0@craigslist.org,Z3or5P2Pylxa
pglassmanc1,rcudmorec1@php.net,tDjSPj3M8jUi
civec2,cmcgradyc2@washington.edu,rUA8fYNfH3A
mwhitterc3,hburrellsc3@answers.com,6pIxsL3UXT4
kmansourc4,fmaroc4@unicef.org,EJJVHbE2
dfrendc5,lgeorgerc5@cyberchimps.com,GqM2UdAl
ctheseirac6,edudnyc6@de.vu,MdZpnaiAqfY
kcollierc7,nlawrencesonc7@earthlink.net,vThbmb
lellicockc8,nreidc8@dedecms.com,KIuzK4h7BC
jsaiensc9,rscarletc9@macromedia.com,OGcGXU
jtreatca,mtremonteca@sfgate.com,vUijt8dy4QAD
fricardoucb,jbreemcb@home.pl,LM4WJGVTYQE
vtruslercc,jmaberleycc@studiopress.com,HOGlGLk7dXD
jbeercd,pdjurdjeviccd@miitbeian.gov.cn,NdnZkKTxI
atrancklece,ttankince@mtv.com,NWNG9ZIDPoyK
cwhyleycf,nmcwhortercf@dot.gov,33USInf5
rrodsoncg,acapenercg@redcross.org,0DSYrp9w
lconnollych,mgraalmansch@redcross.org,jv5CSk8sLi
educastelci,cjeakinsci@sphinn.com,YzUVYpYwf
icurthoyscj,spretsellcj@ihg.com,TFnyS3yzT4
mgeraldinick,jburgoyneck@cloudflare.com,E9DPMd7N
ctolcharcl,fceeleycl@archive.org,665Zag
wwillavoyscm,halessandonecm@cbsnews.com,CFF9AO
sgavincn,edhenincn@paypal.com,v0wN2hbeB8v
dgillespieco,jdanilovicco@multiply.com,Fe3mmtn1
imcneillycp,lmarquisscp@furl.net,ZYpKa5Ib
mferrinocq,jdilstoncq@deliciousdays.com,URXd2d7TjO
vshatliffecr,lbrodleycr@blinklist.com,zfPgO3eZvzc
ndebneycs,ncorsancs@friendfeed.com,yswYZJsxxSR
ldeussct,bbergstramct@dmoz.org,RDlyCWDU7
ckelchercu,hbrignallcu@qq.com,XuwPO4kDXfp
iburtenshawcv,badamecv@yelp.com,YHQmPnoYwh
sstrathdeecw,ymarcucw@scientificamerican.com,ijIsL6QHR
bpresseycx,dnoblecx@bluehost.com,P9MeufOXCiA
hgianillicy,ttreadawaycy@si.edu,6BOgLyxEWnI
cfairebrothercz,jebbscz@dagondesign.com,7oeeFcG
jdebulliond0,tsevilled0@jugem.jp,ch6s4qqGO
evaudd1,cwalkowskid1@barnesandnoble.com,Xgw8iHxLui8
vstoutherd2,dpaggittd2@npr.org,KYhlAfJF
vwernyd3,mbohead3@ibm.com,xCbzRrB
mkennead4,cdacostad4@bing.com,gGsUp0
mrothermeld5,agoodband5@nydailynews.com,4K4ucA6Tbl6
rsandomd6,rhebditchd6@wufoo.com,9Kg2cL5
gdunstond7,jtedorenkod7@nsw.gov.au,JDHlSOU
pmcpharlaind8,jblasiusd8@wikispaces.com,MYlsPLAKOrg
chollowd9,dblastockd9@friendfeed.com,XWrueM14xarR
dfauldsda,dleghornda@blog.com,JlDezDSlJU
laugustinedb,emitkovdb@noaa.gov,wtEdwlP5vZ7
gdulieudc,dkelleydc@economist.com,Ib7di8MsDB
gmcilherandd,rburddd@reference.com,L5F5rQlfwyr
cwiddocksde,ccoleyde@nps.gov,3BEWy6AhW
wleverettedf,lmongindf@wufoo.com,ZDpGKW8yBhU
kgorgldg,vfearnalldg@de.vu,CzbSIq
cligginsdh,jjeyesdh@wp.com,UlUnQ7A1W
tedmeddi,bedmonsdi@europa.eu,JqsWLBBYiV
lberzinsdj,mmartondj@meetup.com,S5fwNzx
dschuttedk,mscimonidk@loc.gov,bWC8QQXTUjF
czavatterodl,agrederdl@addthis.com,S8Ynplg4zk
dciepluchdm,minderdm@hostgator.com,ZZRVnoESYu
npurydn,wrivalanddn@dmoz.org,Ko4hLkT
ckirschedo,cchilldo@tripod.com,dW6VRe4N
dadcockdp,rbuncherdp@shutterfly.com,5ZyVFy
abareforddq,dsueterdq@usatoday.com,kVSpTXa5F
twoodhousedr,breillydr@baidu.com,OxnrRC
switcombds,ltorpieds@forbes.com,bwEiL4zDW2G
cyegorshindt,lborgnetdt@spiegel.de,Ytn3OqUY
iodamsdu,cmarinerdu@ibm.com,zzuvJQGft
cwulfingerdv,rfortundv@rambler.ru,1NzTaaQKlpJ
gparringtondw,kmatthessendw@noaa.gov,quv59bkS
maddeydx,tmatthiaedx@berkeley.edu,i1rev0JaH1
sbrannondy,gbremingdy@hugedomains.com,rjN20cmyo
ovigrassdz,bvickersdz@wired.com,OWpfvE72C
smillichipe0,cfollitte0@cdc.gov,9UiHkjK
tweiche1,sphelipeaue1@psu.edu,PFDO8zM0ro
wluttgerte2,pjunkisone2@ebay.com,MjKCvDTwrw8
hlidbettere3,phallitte3@youtube.com,lxbvZ4ewq
jhillbornee4,tgirtine4@squarespace.com,9wZnWfzI
jaloshikine5,lstebbinge5@youtu.be,fab2Ojh
hcodae6,ctuppenye6@xinhuanet.com,1AcsMR3I
lrowlere7,lolmane7@usnews.com,A7OR0VAJs8
rtowere8,rsimonsene8@oaic.gov.au,CeAG3G
ofusseye9,bmacquakere9@soundcloud.com,tAmUDL
ezimmerea,sbeamontea@fotki.com,95BP4v
rbeswetherickeb,htremellaneb@google.com.br,kgTq72D
dalexsandrovichec,wegglestonec@livejournal.com,0fiejizqzTq
vclementeted,bdanbyed@washington.edu,5msAvs
bcrixee,agookeee@berkeley.edu,KmrWRvQD
aimortef,ahazlewoodef@barnesandnoble.com,bYCSeRDQ1
msimpsoneg,nthirlawayeg@networkadvertising.org,3KU5ExSbBG
cmacallastereh,sswitlandeh@psu.edu,tobBEtEN
jhowlandei,mfearnsidesei@skype.com,7KwwPzokpVPh
nmccorryej,amiddlemistej@webmd.com,ocswvD6ry
fkurdaniek,wschwaigerek@elpais.com,0PPXhLaWyFV
bbaffordel,scaberael@foxnews.com,pn6nt3RuYH
qkarlmannem,cbrutonem@ucla.edu,O4U4ICva
dolleren,tbirtlesen@ihg.com,DP8whmj88CMf
aportmaneo,mkenwrighteo@diigo.com,ZUE6YCFAfn
eseilerep,bspellsworthep@usnews.com,9naTCS
sdrohaneeq,skobieraeq@google.nl,gtZ8FwNTIuv
mmackimmer,rwillimenter@jugem.jp,VNCgHXPDOBJJ
khawsones,jlabdenes@wordpress.com,KJXoVVsFOr8
mstermanet,fsaintpierreet@soundcloud.com,7Tsvn30HjsV
fgageseu,zlipscombeeu@printfriendly.com,Bh2lP2eaUTC
ecotherillev,cchinev@netlog.com,yN7CqypAdfU
achapelhowew,tnormandew@bbc.co.uk,OOfzSOqd
lpiesingex,blepardex@tiny.cc,rxF4mpJEz
gstangeey,emouserey@icq.com,aWQO1I7L55O
lfalkinghamez,jyandellez@upenn.edu,HX5fp6i
bmustillf0,bwolfordf0@bing.com,sknqpr
dyappf1,efrancescf1@uiuc.edu,gt2HfASDwp
sloinsf2,tmcgiveenf2@netscape.com,UhDnpvUWR
cseakingsf3,ccobbinf3@slashdot.org,sgehSDyT
abunnyf4,rgolderf4@bloglovin.com,B7VuX1S
tpiollif5,dworsallsf5@dmoz.org,07CLCK
tworttf6,alewinsf6@independent.co.uk,33MHWyTeoP
jkleintf7,sdufallf7@cpanel.net,cSY7r8M
tcawderyf8,snialsf8@t.co,0BP70wzukBD
kcockrellf9,fbilesf9@hc360.com,YtpowFy2M8
hmantramfa,isetchellfa@sbwire.com,CDRCTsSE9
kcarrollfb,rscholarfb@hhs.gov,5w4Jt2U
mbuscherfc,dshorterfc@ted.com,oxgL0ZG3IG0S
opaasofd,ssanzfd@infoseek.co.jp,WGQPNWZx
apheasantfe,ecrownefe@cpanel.net,En598fMB9X1
bhrishanokff,aaickinff@twitter.com,5KRN3oLzB
lkeppiefg,ssharpinfg@icio.us,mhALB9
bcapinettifh,fgadsdenfh@tamu.edu,auDC9Bh
aespadatefi,mbeetlesfi@ovh.net,QU1MqfPLojPR
kduffillfj,soshieldsfj@liveinternet.ru,QmuYDKzn
pnottingamfk,adarganfk@hc360.com,TRXJVs9G
kjayesfl,orysdalefl@psu.edu,zepH2OWMvuVy
gkollachfm,sacklandsfm@bloglovin.com,JUPAa13
kmacevillyfn,shearlfn@timesonline.co.uk,3d8ZATqV
kdufrayfo,mwillersfo@timesonline.co.uk,YdR0dD8epXqJ
lkingscottfp,bfibbensfp@nyu.edu,H5Sa0lD
cheijnenfq,jwabererfq@auda.org.au,d2hNy3lul
hpirreyfr,rhallbirdfr@deviantart.com,NRZLLGqbC
ckeiltyfs,eyanceyfs@creativecommons.org,nfrEJg29RU
rsegotft,aragateft@youtu.be,BMPFUJBlBKrK
gbatmanfu,astickelsfu@samsung.com,fyTVsaKM
blockwoodfv,mkerwoodfv@dailymail.co.uk,UcGz95
rdegouyfw,ahughsonfw@360.cn,oB5UYzLnoLH
dpolamontaynefx,mchezellefx@bloglines.com,ycwoyX6U
agoulbournfy,mphilbrickfy@lulu.com,GQmxTah
bwindfz,mshortallfz@slideshare.net,koegMQ5XaU8
jackwoodg0,kmurfillg0@geocities.jp,2MnrlhGHytM
xwickliffeg1,kpimmockeg1@yellowpages.com,TsGQBNb
cjakog2,fgilliesg2@barnesandnoble.com,fOxAHi
pshrigleyg3,nsivewrightg3@php.net,mX0XVASNCgBO
bandertong4,mewbanksg4@163.com,rFsB6Qp
glanegrang5,gwilfingg5@usgs.gov,Byl9FEx1C
jloveguardg6,kayceg6@forbes.com,is0NJaVVMMOG
bmateevg7,kbraisbyg7@mysql.com,PGIpYJR7vL
bbraung8,skippingg8@so-net.ne.jp,VkXkStTA7aB
mborking9,jzarbg9@netvibes.com,x3h2Aa
ngladwinga,fkempga@wordpress.com,ySG6s7jmSwp
sacockgb,ddenneygb@ebay.com,9YgPQneJx
jferenczgc,cbuttrumgc@dagondesign.com,lLhRcBNpFE
ccliftongd,wroubygd@altervista.org,Ae3DXGEt
bcarberryge,cvarfolomeevge@bravesites.com,hmwW6BLr
tgoodyeargf,cerangeygf@amazonaws.com,PxYKASPqVC
fruscoegg,tderobertgg@comsenz.com,0YQsUCVpI
aorgengh,alouisgh@omniture.com,0oMv1KI8Rm
kferniegi,rschwandergi@vkontakte.ru,gNBlch0
braddenburygj,mbecraftgj@forbes.com,MbY0IyBg46
econduitgk,gdowdallgk@smh.com.au,GIhrQKw
mcamolettogl,gslidesgl@typepad.com,bBnVb4
vmarryattgm,cguisotgm@ft.com,TyvqGN
cbarneygn,spladengn@webeden.co.uk,hFJQBY1ip
rknockergo,eveelersgo@com.com,fSW0Q9HfV
thugnotgp,agoomgp@blogspot.com,s0h1Ux1J
bsalmonsgq,jclaxsongq@ning.com,i0xNC6yqaCm9
spercifullgr,hkidgellgr@netvibes.com,0ciiK9jX7U
hprobertgs,jpasbygs@ustream.tv,r35ltWgW
ktrevenagt,cajeangt@blogs.com,ARUgg7
cpatzeltgu,cgaddasgu@ft.com,kt0lzSaLN
ngemlbettgv,abrowngv@cnet.com,BQsB9d0Ip
cplitzgw,wokennygw@vinaora.com,mZc9twkXg7
pbruckentgx,mgreastygx@accuweather.com,8N4LFNMJ2I
smcluckygy,obuggegy@google.ca,La4qkIcRWtt
amacdearmaidgz,fskitteralgz@usa.gov,oliiTRYk
lmongerh0,dschimonh0@craigslist.org,tdHSGejd
ssanneyh1,htissimanh1@imgur.com,spSNVvn3RJT
sjewessh2,lbromeheadh2@nymag.com,z3iQWBsn
dmichieh3,gmurtonh3@ed.gov,KyRO6IXGA9N
mwotherspoonh4,gheaysmanh4@ezinearticles.com,V5bPvK
jkarchowskih5,sfawdreyh5@imdb.com,x8N8mtr
rfoulkesh6,rpetrulish6@yandex.ru,fh6h1zXcT
chudsonh7,tmcdonaghh7@unblog.fr,LrzzMiloHNNx
rfishbournh8,tseadonh8@sbwire.com,FnJ0pt5WCa
jscrutonh9,mbernettih9@guardian.co.uk,eROQAe8oAa9p
ecadneyha,agoodhandha@china.com.cn,yGmvrWa3HjB
tferrettinihb,haudreyhb@oaic.gov.au,8vNOH0y
bprynhc,ifortunehc@omniture.com,OjViF7RXE
osteninghd,rbombhd@gmpg.org,GwFEPveNg
bchevalierhe,ddovestonhe@nytimes.com,N0gtHVKxmd
glempennyhf,jmowlamhf@illinois.edu,rkdOfb6soI
rgrumleyhg,broberdshg@addthis.com,8ojcn4LoLdzt
mreochhh,dmccafferkyhh@google.nl,DFwljBiEA
jwendenhi,jkelbererhi@cdbaby.com,Uwfa0vU
pgaythorhj,lsoppithj@csmonitor.com,qI3CyHV3cU
sjiranekhk,gsprakeshk@umn.edu,d4ra9MfIlB
pkillnerhl,cmeneyerhl@canalblog.com,udqB4bAEaMvh
maleshkovhm,dvedeniktovhm@spotify.com,LoMaFFc
rroydenhn,bfleethamhn@state.tx.us,ndkZym
wpettecrewho,sjakewayho@umn.edu,K0btW2j
grudeyeardhp,boffilerhp@taobao.com,7FB1oE1
dhillshq,dbodhamhq@npr.org,aVWB7jV7t2t
teickehr,chartlehr@github.com,ac6dh4uEFQk
tstockellhs,snisehs@gmpg.org,MitGVO4j7vIr
bharriganht,lpennazziht@example.com,HeJLWv
shumhu,ndablehu@dot.gov,eX9S7bLF
lredhillshv,bpeegremhv@thetimes.co.uk,73FDQLKq
aradishhw,stevelovhw@businessweek.com,0ZlDMo9kClY
bpaunsfordhx,mmilnehx@bing.com,SwMwdMpiLV0y
bfranscionihy,gandrzejewskihy@ow.ly,BvVIAJ0QQccr
cmcelmurrayhz,acanethz@mediafire.com,Vi1UVU23Zci
ineenani0,amoormani0@parallels.com,KW8e5buTGeE
vprofiti1,mallsupi1@jigsy.com,KX1i5b9Y
aruckledgei2,plecointei2@bluehost.com,UtgiSz
apaulyi3,knuschai3@homestead.com,C9l7eZwB
kyekeli4,arojai4@cisco.com,drlntWj
bgrabbani5,cmacfauli5@multiply.com,rJGFtzrC9hML
wsargisoni6,kteresiai6@pcworld.com,5StQrA1hzI
jrotteri7,gdreii7@businessinsider.com,H1ZDFuH3PHk4
malcaldei8,hilyinykhi8@nature.com,EOaGEGEmjq
lgimbretti9,zboweri9@digg.com,SG4eVXugxP
gpauleia,lcarolineia@abc.net.au,DEvyZvBNQF
hmcshaneib,tdaceib@vinaora.com,xHKEuSKRv6Vq
pmarskellic,ncharityic@nationalgeographic.com,Mny7NzRdU5G
ecamelliid,gblankettid@newyorker.com,k9bEkcDNZkB
rcarneckie,dbillsie@xrea.com,60p2oGvFF7Y
dtomanekif,agibardif@bigcartel.com,1QSgH8wVJf8
mlongbottomig,yohrtmannig@meetup.com,5iJjKuq
sattackih,lewolsih@cisco.com,w3DTz9G
hscotsonii,cfouracreii@patch.com,au07G2Gd
spittelij,jghiraldiij@forbes.com,EGdrmrc6
eholburyik,geatonik@apache.org,bxulaHff58UF
dranceil,mfernezil@lycos.com,Vu2dHtTv2
doldershawim,clestorim@wp.com,Cm4Sk1ND4LjT
tharbottlein,gdenekampin@t.co,o5PzndFtQ3
oknillio,hgasnollio@typepad.com,d4MUC1HXo5A
cnasebyip,kpoveleyeip@furl.net,eVaAgY0
gcastellinoiq,rmatheiq@usda.gov,iqJwbdB
mgeraudir,whuffyir@engadget.com,2n1HaG9ZzsAq
rgowdyis,vjarlmannis@state.gov,bEI3tgu
treneit,rsurgisonit@deviantart.com,EZ4YOS
barkilliu,hdenmeadiu@geocities.com,2hN1gqgQWTb
lnettlesiv,sbottleiv@tinyurl.com,1Lq9IbmcfXC
kharriottiw,gcowerniw@printfriendly.com,VvsMnAT
nheintzix,kdalgetyix@diigo.com,PpY2tE
vbonicelliiy,cskynneriy@bloglovin.com,RQib940TtQJ0
gyearnesiz,bgosseliniz@vistaprint.com,qunnfcT
thussellj0,csanchisj0@fema.gov,7s3HaYHTNjwv
mpibworthj1,jduddridgej1@imdb.com,YY7vaTF
sollinj2,gtresisej2@istockphoto.com,N8jG5I
obernardinij3,wbenningerj3@china.com.cn,AIO0Nw
lledsonj4,hmcgahernj4@vimeo.com,DoJwo8Il7kbf
ddrynanj5,ileatonj5@youtube.com,Okvy7KUnIym
dbeechcraftj6,mmenezesj6@who.int,rjZBAn4o
cwhewillj7,ofrainj7@google.de,K0VeI5HP
tknightsbridgej8,lhelianj8@wikimedia.org,Eb9G1Ns8gNW
rcollymorej9,romalleyj9@joomla.org,9MfSpaGwrRWn
lmcguinleyja,mjoyesja@bbc.co.uk,jYjcRTZGBBH
jscohierjb,ltownrowjb@a8.net,9kphXS7Q4L
dbuntainjc,tplimmerjc@bloglines.com,QWfBMUU45hR
jkirleyjd,nguidonejd@artisteer.com,OkhvMz1LaNfo
ncaddellje,bsywellje@google.it,CI3Ia7dO
apowtonjf,wloucajf@behance.net,jwuljxai
gmcerlainejg,jgowthropjg@mozilla.com,7iKl7ed
bvauxjh,vgotmannjh@miibeian.gov.cn,VmqklGj6XbV
rnannji,godriscollji@creativecommons.org,sjHWE6Ep
sdwinejj,cchappellejj@dailymail.co.uk,rtW4Eop
rcannanjk,atimmsjk@youtu.be,JRKTfTdg8E7
eyukhnovjl,fcaveilljl@narod.ru,mvrb0CCRWX
hanelayjm,thallibonejm@soup.io,9Ae1YtCoK9
rphillisjn,inormanjn@privacy.gov.au,tDJqcgRXsk88
mmoenjo,arintouljo@soup.io,HQevEzMazh0V
bdrablejp,npletjp@1und1.de,Eai8kd3
nkalderonjq,sgoodgerjq@booking.com,pLWbolwBQB
jmcallisterjr,ifennelowjr@rediff.com,CCOkadRXE
kdeveralejs,gspaduccijs@slate.com,DrUsJfLAk
jveazeyjt,lchippingjt@cyberchimps.com,UQ2mSmK
rbiskupju,tkunischju@fda.gov,dUOw586hSGa7
fgrutejv,imattsonjv@auda.org.au,7IEFvW
ibrittlesjw,btuckeyjw@telegraph.co.uk,Po0KTi7
oshortanjx,tearryjx@adobe.com,NylGIH3
vlunnonjy,skealeyjy@edublogs.org,iB56PkpoTt
gyeskovjz,mgaythorjz@wp.com,MsC1fPla3E
lswinburnk0,sgrishechkink0@cmu.edu,U2i9O9M5c
omacintyrek1,sbremmellk1@fda.gov,cEUSbfPjfJ
dpadellk2,lnuschak2@hexun.com,0dm7RBKCW
gmcalarneyk3,cbarek3@squidoo.com,Q5pSovrr
rhiddersleyk4,dthork4@admin.ch,VsEtDi
lantragk5,mackensonk5@jiathis.com,XWIgec
hcuddk6,hmcgeacheyk6@ucoz.ru,DgACjs
mdeinhardk7,mramask7@flavors.me,xqCWEzjkZ7
npollek8,dfliegk8@ovh.net,IMrDexHwP
rokroyk9,jvincek9@naver.com,4zQougDZ
ncharityka,adonativoka@patch.com,cjtzVy3d
wmuehlekb,mkentonkb@hexun.com,MhS5Npz48
edjurdjevickc,bcuretonkc@va.gov,30X7FRx7jk
csoperkd,kpatullokd@wunderground.com,paR3fz
araynhamke,abehnkeke@indiatimes.com,IrR2lVlBMz4
bdykakf,cmyrickkf@flickr.com,yXFI0Cjuj
ntreslovekg,gmccaffertykg@cmu.edu,fXnZFykyWQR
sjerredkh,lgyfordkh@yelp.com,EA0oa6MiK
brhubottomki,sjellardki@cbc.ca,Xq41mGH
zfiddykj,bmaccrannkj@mayoclinic.com,FKEbSMpmguI6
hsimonikk,horcottkk@soup.io,AgZfSlRfacd
gelcombkl,hclaridgekl@1688.com,gMCpwamNp
sjeffcockkm,rmackessockkm@prnewswire.com,UldDo4zT
dparkenkn,ebleikn@plala.or.jp,aNFs5UGyITd2
vcrosbyko,scolombko@tripod.com,i1Ryte
reamerkp,mgloucesterkp@bloglines.com,gAX7nxry4
bpicoppkq,jkabischkq@angelfire.com,QEpZwTI9v
cbenoiskr,hcuppittkr@theatlantic.com,DkBELBIviUih
jpauncefortks,elorenteks@cbsnews.com,u5POJCU
bwoollamkt,tfarlanekt@pcworld.com,gZjY37
jstoditku,mlivockku@pagesperso-orange.fr,0uMVSYHwYS
nyuranovevkv,lduggetkv@cnbc.com,g4Jquf
hlondingkw,lmulrooneykw@shutterfly.com,LygcAzkjx
mnowerkx,hhavockkx@mac.com,hVXbLQH
lridderky,rmidnerky@csmonitor.com,UCH2Zn4czpQ
lbourdelkz,jthoulesskz@nps.gov,CxtkCC
hhabronl0,vtoplissl0@a8.net,6preUC
bblackbournl1,tfaircliffl1@house.gov,RikNVk
jromkel2,hpadmorel2@opensource.org,XguF99w
bsteaningl3,lmcpeetersl3@pagesperso-orange.fr,voG4Z2
ssavouryl4,dlawelesl4@elegantthemes.com,E0aQnSpbVQ
wmacavaddyl5,jcoarserl5@acquirethisname.com,WzCKGLiBDq
mgosnayl6,ppeschmannl6@sina.com.cn,X0os3kF
agriswaitel7,rcronshawl7@soup.io,zDUllBOwW2YB
fsummergilll8,cbeldaml8@github.com,dABdXoBC
jmoralesl9,hmcgoldrickl9@earthlink.net,VE5YEp2Bck
krositala,dcupperla@e-recht24.de,HhYb7784fc
tertlb,sahmadlb@miitbeian.gov.cn,aRA4XE
dswalteridgelc,dkropplc@tinypic.com,SfWIwq
dantoniottiild,brikkardld@skype.com,h6gE4arROqhS
brobelowle,rabellale@t-online.de,1ucuzkOMv
ckauscherlf,bpiddlesdenlf@cargocollective.com,xXU9gsHjDrVS
sdelcastellolg,astoneslg@tripadvisor.com,LAcwoP
cradnagelh,agieveslh@yandex.ru,KfCWHhEgYVMk
bvedenyakinli,acomoli@netlog.com,bEZqSEQJQrI
scouragelj,mbergstramlj@rediff.com,16uzHQ3
bcathrolk,rkedslielk@buzzfeed.com,gQ3QB7HBj
smalickill,bfiguresll@nyu.edu,4YxEqEq
sswynfenlm,rstockhilllm@pen.io,oqtLsfVQQ
ilegalloln,oisacssonln@jigsy.com,TdVhZiEG
kgilbeartlo,tbaldenlo@g.co,N0ZJ9xTqw
gdarwentlp,eshevelinlp@bbc.co.uk,sU047onrEL
sbuttrumlq,dtitteringtonlq@google.fr,nimfzA
jsperinglr,bconyardlr@histats.com,egFzJd8
dgerbils,kmagogls@google.de,SNyxjODxiz6
aoxtebylt,kcuniffelt@guardian.co.uk,nvgH7b3xc55t
avillierslu,cwebberleylu@bloomberg.com,tVTdvv
basplinlv,ldobbingslv@comsenz.com,0krGXC1wC5N
cgrainelw,hgoulthorplw@fotki.com,G23D6MVlni8Q
aaspinallx,tstillwelllx@ca.gov,LW1mERg6zk3
dmougeotly,cfarressly@eventbrite.com,NqiPBQlCNJ3f
obeagenlz,bmcmeekanlz@si.edu,GqK57srKR
lgaim0,acarlucciom0@sina.com.cn,6T9YeGW3
jocassidym1,sparrissm1@bloomberg.com,SDUJrhHmb
zeulm2,lblunderfieldm2@clickbank.net,BsuzV7kc
wgerardm3,iewellsm3@wunderground.com,tMbVJ1
cvyem4,rfazziolim4@princeton.edu,GPJNBtbPEdL
nchawkleym5,rvassiem5@netlog.com,UqibRh5CAHv
etolworthm6,hallchornem6@rambler.ru,utd1fde
jhertwellm7,jbriddockm7@weather.com,rW7hEptU
omccrowm8,dmohanm8@globo.com,wlOu1nqMuv
jschankelm9,wtoyem9@csmonitor.com,CLSpvNL3t3
klearnedma,hcastielloma@pbs.org,Mpcv7Z2CXX
jpaleymb,bjenikmb@fastcompany.com,XHaJBX
hquigleymc,fwhalleymc@wix.com,tgVsauXS6EdA
iironsidemd,egellibrandmd@goodreads.com,zlV2D0s289fA
pshadwickme,fstronachme@theglobeandmail.com,OqNdm65
bcastrillomf,anorcottmf@ted.com,6gCH9gMxpM
tmcclintonmg,sgaishmg@engadget.com,jL58BPlDc7y
nlambertomh,ldionsettimh@qq.com,k0kjczaD2
bsimmonsmi,cmargueritemi@auda.org.au,bKdVmAp
srasormj,ndeangelismj@cam.ac.uk,HBdcSSAy
cwoodhammk,daddsmk@ifeng.com,5U1276WOa
lkaubischml,dcampkinml@ycombinator.com,M0FRKR
ecargenvenmm,kpenamm@nifty.com,ng2m2o1J
jperrygomn,jomahoneymn@mac.com,S6Zqw2W
sgrandisonmo,cladenmo@guardian.co.uk,KGE4mUt
anightingalemp,ccraskemp@barnesandnoble.com,GMPdcYfqIZOb
gbrunonmq,alangemq@stumbleupon.com,GyRGLDBf
bvernmr,rcremermr@jimdo.com,Mv7eWg7j
jpaxmanms,mstiffms@sphinn.com,8urSlfmpE3W
bphillinsmt,guttridgemt@desdev.cn,tBI9Hj7
lsodenmu,cbellshammu@hubpages.com,QABrdLQkOY
sbrennanmv,apolendinemv@soup.io,PoUMrgzLdf6
drigollemw,relcemw@fc2.com,QdfHEEaFTN
lelloymx,hjaukovicmx@army.mil,sjBhlOyz4
kfeandermy,nmerittmy@arstechnica.com,Oh75hsM
bburdenmz,ecapnormz@mediafire.com,MVEmxMWQ
dstandidgen0,dtownesn0@amazon.de,arZff6yGcpb
gwhitemann1,mtrawinn1@oakley.com,JdducQ
ddallimaren2,gkenningleyn2@npr.org,5VdaTUBzWr
mhurticn3,mhadgkissn3@state.gov,HhMxmIM07u
dbrogionin4,dheindrichn4@csmonitor.com,2qFptySBBZ
dvarfolomeevn5,mclown5@reuters.com,3ADCKSqo29
kcaineyn6,sgoviern6@answers.com,F7ItuJWj5IXB
nivonsn7,lelloitn7@phoca.cz,F4I02ucH
lzimmern8,elinacren8@miitbeian.gov.cn,6tjuTk
arawcliffen9,atulipn9@1688.com,187R8lhy
dcallinghamna,rrosbergna@usnews.com,VwcvIpO
wmatuszynskinb,jbeardwoodnb@unicef.org,chVnJGZWm
acapstakenc,pmoncreiffenc@rediff.com,vM8i9r
gbushernd,ldeamayand@nationalgeographic.com,MmzrUMP
ktoffulne,lmorforthne@gizmodo.com,DjBh7zr
smacsweennf,dfulepnf@geocities.jp,T6a2zXG6y3k
dyankinng,damberng@yellowpages.com,dfvN3IB
rleckenbynh,msavinenh@indiatimes.com,trFQJhzV
aourticni,jgonoudeni@oaic.gov.au,OeZpP5G
mpfefflenj,cneumannnj@infoseek.co.jp,VoPhanA
fgippsnk,sgoscombnk@java.com,kxxYhPkv
ahartshornenl,bgedgenl@4shared.com,zPS1p7r
pheeneynm,anorburynm@usa.gov,ouR51pl5cke
oocorriganenn,odematteisnn@ted.com,k0jB6GD
cbaldockno,blangfatno@imgur.com,E0WVlA
dcoltennp,lcomonp@vistaprint.com,wN9mmE5
lgiacobillonq,celletsonnq@so-net.ne.jp,1In3zIBaPxa
hgosnollnr,jwarrennr@washingtonpost.com,HilrRBsE
bkinsettns,asynkens@go.com,WIYqzjNDw
jminettent,weclesnt@webs.com,jKzLKs94
pmontillanu,udroogannu@google.com.hk,G9eAYqJN
drosenvassernv,eoflannerynv@soup.io,ULkgrvBL8jep
crillstonenw,mjakoviljevicnw@chronoengine.com,aZxkTq0N
mgummorynx,dbartaluccinx@springer.com,QdkJZH
mchaperlingny,hcotterelny@plala.or.jp,Q3eYqv8g6Ei
mnockallsnz,pgarrattynz@gravatar.com,RCtFQTWvZjM
wespinayo0,jaickino0@comcast.net,gzIc2VbjFw
hpostano1,cjazeo1@taobao.com,yaK5Zj5
dbleakmano2,wocrianeo2@google.es,HOfloSX
wrawlcliffeo3,bhunstono3@behance.net,hLIMnR5Zw
zsingerso4,bhowgillo4@chicagotribune.com,VAMf9Z
enazero5,rdudmano5@digg.com,VQs4f2fYXYj
ltrembleto6,lschiefersteno6@bloglines.com,b4sqZGJzvjxw
jflearo7,vmerringo7@toplist.cz,02a1eymfutTA
duptono8,hgunnello8@wikia.com,Nt77GIeXya
kluckwello9,kcasellaso9@istockphoto.com,DJKCnJv51iRG
cjavesoa,hredwingoa@seesaa.net,MkDDfO
ezwickerob,mbriteeob@sogou.com,k0R5yrqOc99
arydzynskioc,dtenderoc@jimdo.com,5CpCRGMTW7J
clewendonod,bnareod@feedburner.com,Pg9HtvW
bongoe,bsercombeoe@last.fm,6f1uGeVO3B
nflintof,mwilsoneof@purevolume.com,rcvaFSu3nFR
areingerog,gwinhamog@rediff.com,FprYJ4
mzoreneroh,pconnaroh@paginegialle.it,AisnA9GQKk
aclemmenoi,lwilkinsoi@friendfeed.com,86vCPndE3eXi
lburchalloj,twhiffenoj@google.co.jp,HZ9rqUX
ckilbyok,pgrouseok@nih.gov,4TcOjxu6
aparrottol,kberkelyol@nbcnews.com,5TckfSCbRR
ndybleom,wdressellom@nymag.com,ruCrxEY
vferrelion,mferfulleon@blogtalkradio.com,BPN9uUD
dlawfuloo,cstainingoo@macromedia.com,oeEyLidGW4bC
wboddingtonop,pmaccauleyop@phpbb.com,qbbWrWVGMJR
alahiffoq,asuscensoq@angelfire.com,WWK3lGg
cbonor,stironor@apple.com,cjTgBNTdro2b
bbertwistleos,cblazios@imgur.com,ApSqf93I
imadsenot,bjovisot@psu.edu,ODEXaxlNZHhF
gferencowiczou,wwrennallou@jalbum.net,wvE0WEY
cmclevieov,cgotcliffov@examiner.com,2t4NnZiftic
ksiudaow,cwildmanow@icq.com,JUQfnm6IB
squenellox,koclovanox@jigsy.com,KtmfxvV
ewoodhalloy,evindenoy@t-online.de,F3xM8MSS
tmyhanoz,btrowbridgeoz@cocolog-nifty.com,eZMKG5gwes
rtrewinnardp0,dledleyp0@howstuffworks.com,0RMVkoTaeh
rmuggeridgep1,hruthenp1@un.org,Ww9GMPd2
aglasnerp2,gaxonp2@dot.gov,n27bbL
brimep3,mdeesonp3@booking.com,af7OW71d6yLc
rletteresep4,dcoodep4@timesonline.co.uk,iAEmtsgcW7T
ltwyningp5,dimmingsp5@discuz.net,Sk3j8H2M4pvf
drowbottamp6,dmendoncap6@live.com,9ltlRK
jbambrughp7,amalyonp7@forbes.com,9m3J0orHZ
drevenp8,cjohannp8@sfgate.com,EnmwG2O2
ifoskenp9,bswinburnp9@ask.com,qsdRFO
msimacekpa,smckimpa@guardian.co.uk,6u8IeZ
kolandpb,cdohertypb@slashdot.org,wZ5Wp8
lshilladaypc,dfawkspc@printfriendly.com,2Tk71UedXZUK
jstonhardpd,mratkepd@seesaa.net,Y3PC4vur
bcawkerpe,jfugglepe@usda.gov,VQFsttvHSUU
phalepf,tcaslettpf@hhs.gov,VEltnxmsE
sdurganpg,emachargpg@fastcompany.com,3YCsYVZCfvP
dpratiph,tdobbyph@google.co.uk,sypG8I
ebullickpi,ealabasterpi@army.mil,VDTw3AjN1y
jfishleighpj,abartlomieczakpj@dropbox.com,BKp5b6
tscrasepk,rbowermanpk@odnoklassniki.ru,TSkav12sXIeG
pdouglaspl,snanuccioipl@senate.gov,lSYWtvViD7Wi
mstarfordpm,kthreadgallpm@bbc.co.uk,4ckBML8fbQ
dpeakpn,edennehypn@phoca.cz,IMFaspZ
charrispo,nrosepo@cpanel.net,iUjlmo3XV3E
tkenforthpp,bvankeevpp@state.tx.us,TYTbvdGHiSA
bkleinermanpq,jhughillpq@instagram.com,5hnaZQ4m
dlauxpr,mbirneypr@who.int,sphvQL2H
cdiperausps,astivensps@booking.com,RY8c4l
ldobbypt,bshearmept@auda.org.au,epyLCSL
smagsonpu,tsapsonpu@ezinearticles.com,BBSBWBS
wizacenkopv,aoxendenpv@addtoany.com,9pSu4T
cferrerespw,frainerpw@studiopress.com,jWHvQlnp1
dofferpx,asiddenspx@ed.gov,WgKKAAiD8FS
vcuddonpy,schristoforpy@nydailynews.com,iRgr0BXgZxj
byitzovitzpz,tbithanypz@shutterfly.com,1yUyxJiAVCgV
abottjerq0,cwilbudq0@shareasale.com,0IHMR9BEma
vskeinq1,raizikovq1@addtoany.com,LiPxkOv
cwalmsleyq2,cmeiklemq2@ustream.tv,lorsDPy
mspurmanq3,kmantrippq3@nymag.com,j91Eft88MT1
hreyburnq4,ndurbridgeq4@epa.gov,6klsRKxKA
rloacheq5,pmasiq5@nsw.gov.au,JOH1Qdbu
zschwerinq6,rsticklerq6@state.gov,7Qgm8iDvX1
uscainq7,szoellnerq7@digg.com,CgdoyoIvUU
bdikelinq8,mwhebleq8@psu.edu,08Vd6a5Pk
hjessonq9,vstoterq9@pagesperso-orange.fr,unj00HR
pdurkinqa,astrathmanqa@slate.com,GuPbW9X
dsadlerqb,nberettaqb@bing.com,e14E4rv
abuttenqc,cfransmanqc@cnet.com,hMYqQv1H
aborellqd,mcottaqd@mapquest.com,A7Eulx06
lbrogiqe,dgippqe@etsy.com,reDxCSS61
btarbattqf,jyitzhakqf@cdc.gov,LnfXZ9O
rplatfootqg,eblasiusqg@deviantart.com,dFWG8vsF
thaburneqh,hjewsterqh@youku.com,pJKXEW31IGJ
ascorthorneqi,kedwinqi@weebly.com,cKyEtAxq4
lgiraudyqj,sderhamqj@discovery.com,LLPBGddKykAk
plymerqk,kputtrellqk@ucsd.edu,cCfOoHwI
agrouseql,bpladenql@google.es,4jeM5ofo2B
iskarinqm,amccayqm@mayoclinic.com,xfpyuhcYkn
zzamboniniqn,ufloresqn@blinklist.com,AhiimN0HyPNr
rflanneryqo,nhathwoodqo@comcast.net,Cdrxlt5S7D5
lclickqp,pdarkeqp@aboutads.info,WDu2lq
lshyramqq,fkabschqq@devhub.com,sQ3lTpaH1NP
adecreuzeqr,mhanqr@tamu.edu,mihoDCQP6
lvanesqs,aklimkovqs@umn.edu,baMkaBC
bnuschaqt,rcurleyqt@kickstarter.com,Ur9JeUP6ECNz
lsallequ,titscowiczqu@123-reg.co.uk,ore9prPom
bleganqv,gbosmaqv@geocities.com,7aJchM8
mmayberyqw,dandroliqw@pinterest.com,rYGveiXVNMP
fbillamqx,jsmealqx@about.com,q8nG4Rch
pdymokeqy,fsnodingqy@samsung.com,6KG9slsCW5pY
fgeraudyqz,bmcdonaghqz@desdev.cn,VXnU22Os
vgauthorppr0,ppaddenr0@reverbnation.com,XMcZ5rbUvxZA
bbarstowkr1,mainsleyr1@canalblog.com,9qTQZJGACuL
gordidger2,cmorduer2@macromedia.com,UyQU8yG
hbonifacior3,gscollir3@drupal.org,ILC4OTJ
ilapleyr4,cabeaur4@yellowpages.com,0LAsmM9NVhX4
kbeavonr5,agrayshanr5@gov.uk,S9QVK1tF8
mpartkyar6,dmacandreisr6@blogspot.com,vLQTUN78F3sW
chaskewr7,afraginor7@vkontakte.ru,PNffU6gcpw
msaxtonr8,aswalwelr8@bravesites.com,D2xMKtd
rlewendonr9,fsimanekr9@homestead.com,6xLprxlaK8
rbatalinira,ahallexra@ucoz.ru,9HblZw2laQ
gsilverstonrb,dcoronadorb@google.es,u3lNXXj6Pm
pgrammerrc,kmcallesterrc@wired.com,5S0ZDKXt6
jwhinrayrd,hmartindalerd@so-net.ne.jp,mFS0fqi
fcliftre,rbourhillre@shinystat.com,2C6nWb
dbuzzarf,msayrerf@ihg.com,u4KHH2RU
bzapaterrg,erockhallrg@globo.com,Jdhp1wKZeu
ggowngerh,aandrysrh@istockphoto.com,Q1Azpb
csteadri,rmccourtri@cargocollective.com,3nStKw14QB8
abanasiakrj,mspenclayrj@reference.com,67aNiEH
wjestyrk,mburneyrk@smh.com.au,eWXiHXvfA0A
ggratlandrl,rantoniettirl@nymag.com,4kL8b9XMtLbY
wraggattrm,dpoundsfordrm@sun.com,lwiehxtOyO
jridderrn,rhowlern@aboutads.info,bKE1p1I
cwhitworthro,sfarransro@apache.org,5vEPCLH
odavidsonrp,dverheydenrp@vk.com,clxxL70
rbillyealdrq,strinemanrq@businessinsider.com,uvY2wxh9L
tdragerr,jkleanthousrr@1und1.de,FIFhXm2B1Ut
